cell_type,cell_name,quadrant,freq,beta,stim_psd,rs_spikes_psd,nr_spikes_psd,H_f_power_rs,H_f_power_nr
OFF transient alpha,032525Bc5,VT,"[ 0.5  1.   1.5  2.   2.5  3.   3.5  4.   4.5  5.   5.5  6.   6.5  7.
  7.5  8.   8.5  9.   9.5 10.  10.5 11.  11.5 12.  12.5 13.  13.5 14.
 14.5 15.  15.5 16.  16.5 17.  17.5 18.  18.5 19.  19.5 20.  20.5 21.
 21.5 22.  22.5 23.  23.5 24.  24.5 25.  25.5 26.  26.5 27.  27.5 28.
 28.5 29.  29.5 30. ]",0.0,"[0.00329501 0.00379885 0.00430808 0.0041481  0.00340865 0.0040455
 0.00443587 0.00400724 0.00437535 0.00411044 0.00446108 0.0041532
 0.00427558 0.00432319 0.00457856 0.00426598 0.0044882  0.00420628
 0.00432507 0.00414608 0.00422483 0.00427112 0.00411719 0.003999
 0.00454497 0.00426921 0.00433857 0.00427435 0.00386146 0.00441877
 0.00440245 0.00466324 0.00451674 0.00395712 0.00419148 0.00424715
 0.00424354 0.00420615 0.00387208 0.00388475 0.00404453 0.00448845
 0.00403608 0.00401786 0.00461975 0.00402385 0.00433318 0.0048239
 0.00477155 0.00443504 0.00405839 0.00390016 0.00419994 0.00377995
 0.00439733 0.0045134  0.00452477 0.00416262 0.00405623 0.00193259]","[0.0037511  0.00626694 0.00948797 0.01286411 0.0162609  0.02807098
 0.043484   0.05473286 0.08006792 0.06965281 0.05872951 0.05494615
 0.05401577 0.05822661 0.05831133 0.04446208 0.04431019 0.05193034
 0.03958745 0.02923838 0.04395117 0.03365858 0.03031663 0.03394903
 0.03599846 0.03275853 0.03780852 0.03770768 0.02351882 0.02768658
 0.02513056 0.02967325 0.02756461 0.0253242  0.01974321 0.02538132
 0.02752217 0.02698954 0.02986654 0.02892017 0.0287034  0.03514353
 0.03358751 0.02624919 0.02425075 0.0256694  0.023979   0.02250489
 0.02434081 0.02087878 0.01593889 0.02042525 0.02354839 0.02190557
 0.02227054 0.02657024 0.02487123 0.02357893 0.02075655 0.00972639]","[0.00378265 0.00547459 0.00856621 0.01547644 0.01983247 0.02990925
 0.04677835 0.05776795 0.07023521 0.08254741 0.080876   0.06643896
 0.07124198 0.05981392 0.06346894 0.05960922 0.04534367 0.03977205
 0.03527451 0.03368811 0.03285095 0.03317791 0.03749949 0.03845097
 0.03976857 0.03983249 0.03780523 0.03707984 0.03748475 0.02871575
 0.02804685 0.02629382 0.0315081  0.03351659 0.02949781 0.02908088
 0.03132464 0.03236567 0.02707599 0.02643018 0.03035376 0.02780012
 0.02962696 0.0299729  0.02486801 0.02466709 0.02384232 0.02393598
 0.02718557 0.02760487 0.02714131 0.02722991 0.02453326 0.02392927
 0.0208149  0.02299449 0.02712081 0.0247147  0.02411866 0.01207623]","[ 1.16011443  1.47921101  2.03308228  2.74624681  5.34666398  6.83206769
  9.20359456 14.20148372 16.91350647 19.84235199 13.40480899 13.83650389
 12.89425505 13.63754135 12.11968199 11.2398889   9.13469808 12.17159099
  9.44251571  7.28045739 10.42509469  8.09533575  7.54817427  8.92167209
  7.79779285  7.20972243  8.3158733   8.63219484  7.27385451  5.89113703
  5.16252471  5.74752481  5.73071884  7.01730705  4.68847155  5.88200225
  6.52433829  5.70894687  8.0171295   7.98765214  7.48584306  7.92789338
  9.13956826  7.02791592  4.97752164  7.12636002  5.56580721  4.20051718
  4.60576255  4.74288808  4.33871258  6.19570047  5.86775743  7.04021543
  5.26652692  5.63765687  5.39265558  5.49600893  5.28960255  6.19189749]","[ 1.15688544  1.63714413  2.10311867  4.04022117  5.70096139  7.71648819
 11.14579339 13.76948754 17.22833619 18.38040496 17.85505343 15.50801471
 16.61285197 13.98300656 14.72077319 13.32334604 10.7910047   9.68097553
  8.09684149  8.01447893  7.76115578  7.67998093  8.9175445   9.57755071
  9.11509633  9.78313307  9.00635896  8.93681261  8.9484365   6.97074237
  7.12125196  6.23074505  7.39767352  8.04037805  7.3133132   6.9645076
  7.32525259  8.79786942  6.97679889  6.70126935  7.3734562   6.1108509
  7.24498775  7.17768043  5.72241451  6.00935654  5.52002876  5.43771692
  6.10505678  6.28033963  6.40971511  6.42508488  5.90963552  5.96110289
  4.5763047   5.33871271  6.01362175  6.48016519  6.02503097  5.65333867]"
OFF transient alpha,032525Bc5,VT,"[ 0.5  1.   1.5  2.   2.5  3.   3.5  4.   4.5  5.   5.5  6.   6.5  7.
  7.5  8.   8.5  9.   9.5 10.  10.5 11.  11.5 12.  12.5 13.  13.5 14.
 14.5 15.  15.5 16.  16.5 17.  17.5 18.  18.5 19.  19.5 20.  20.5 21.
 21.5 22.  22.5 23.  23.5 24.  24.5 25.  25.5 26.  26.5 27.  27.5 28.
 28.5 29.  29.5 30. ]",0.5,"[0.0133887  0.01283884 0.01043845 0.0089262  0.00733474 0.00698856
 0.00662025 0.00565617 0.00578352 0.0050501  0.0051626  0.00488619
 0.00442975 0.00464736 0.00488413 0.00434006 0.00460313 0.00406054
 0.00385435 0.00365747 0.00354341 0.00360173 0.00362739 0.00345311
 0.00349091 0.00353173 0.00339015 0.0033184  0.00299514 0.00340195
 0.00341874 0.00330484 0.00322252 0.0028991  0.0029661  0.00286351
 0.00284938 0.00287751 0.00256819 0.00255504 0.00263063 0.00273778
 0.00262537 0.00244946 0.00265558 0.00238392 0.00246604 0.00274188
 0.00253054 0.00237527 0.00223966 0.00214366 0.00229834 0.00216355
 0.00227323 0.00234212 0.00246468 0.00233707 0.00225653 0.00098202]","[0.00284883 0.00644456 0.01389867 0.02081544 0.01760784 0.02998604
 0.04392534 0.05247056 0.07297597 0.07006936 0.06763829 0.04413778
 0.04732693 0.05405331 0.05272879 0.04797047 0.0471676  0.04933502
 0.03852486 0.02339228 0.02780912 0.03437595 0.02917598 0.02804275
 0.03226486 0.02906182 0.03087951 0.02893813 0.0302579  0.0340962
 0.02707569 0.03617441 0.02870554 0.02431388 0.02539233 0.03463051
 0.03543551 0.03057358 0.02937376 0.02542678 0.02772494 0.0201593
 0.0235211  0.02034976 0.01635008 0.02023169 0.02216082 0.01976205
 0.02025794 0.02399565 0.02186653 0.02449023 0.02039938 0.01454538
 0.02156762 0.02201741 0.02548651 0.0199974  0.01989156 0.00986235]","[0.00650174 0.00947615 0.01419751 0.01907283 0.03031379 0.03869396
 0.04906946 0.05929967 0.07296104 0.06851306 0.0587352  0.05912449
 0.05186907 0.05180515 0.05379175 0.04602609 0.03851434 0.03845493
 0.03733025 0.02899485 0.03510567 0.03058916 0.02858197 0.03046777
 0.02490486 0.02867152 0.03394919 0.02863728 0.02533324 0.02919018
 0.03110534 0.02860887 0.02904281 0.03118683 0.02995617 0.0305612
 0.03184717 0.02613339 0.02515301 0.02699633 0.02547455 0.02772503
 0.02814292 0.02787285 0.02525338 0.02582524 0.02800488 0.02777004
 0.02332161 0.02004888 0.02169317 0.02387078 0.02338378 0.02559278
 0.02349679 0.02247365 0.02196293 0.01956288 0.02036522 0.00935075]","[ 0.2206664   0.5151175   1.2696137   2.17770743  3.17491382  4.48506961
  6.06971523  9.54592082 11.47935544 15.68082995 12.74702584  9.59609039
 10.07278379 11.7964076  10.49154483 12.08243189  9.97089237 12.16371114
  9.92767617  6.47891838  7.48274274  9.57441511  8.62754837  8.98246799
  8.6962424   8.03649437  8.73659011  8.6874668  12.46370547  9.84566827
  7.67119499  9.84511351  8.53527249  9.73866856  8.82428959 11.96542283
 12.81962042  9.86958446 12.2394911  11.09027592 11.44130865  7.29197012
 10.48792206  8.99751305  5.58225942  9.42290666  8.79024749  6.3399214
  6.6247329   9.52857981 10.59479115 13.32501199  9.22104579  8.51251803
  9.37032521  8.68809038 10.32846677  8.80713669  9.67724633 11.96519789]","[ 0.47059958  0.72885727  1.40670931  2.2172626   3.65316013  5.46820781
  7.60467578 10.46502896 13.41309564 13.48872006 12.01637741 11.81014568
 11.92376005 11.41818079 11.18685042 10.01928345  8.48639763  9.48041535
  9.94163438  7.9630397  10.5915303   8.52665437  7.98183787  8.98598932
  7.37154252  8.60456325 11.30651361  8.87686202  7.82471304  8.89400328
  9.2535696   9.65044507  9.21228505 10.15041622 10.19177337 11.01492643
 11.07331578  9.6084011   9.6686498  10.27991637  9.41014108 10.18105284
 10.10285995 10.88851333 10.16836346 10.48545409 12.0055593  10.94452928
 10.36483195  8.84744499  9.46227385 10.79704246 10.00378728 10.78944701
 10.6069662  10.05491762  9.06883171  8.31959351  8.69501424  9.01185944]"
OFF transient alpha,032525Bc5,VT,"[ 0.5  1.   1.5  2.   2.5  3.   3.5  4.   4.5  5.   5.5  6.   6.5  7.
  7.5  8.   8.5  9.   9.5 10.  10.5 11.  11.5 12.  12.5 13.  13.5 14.
 14.5 15.  15.5 16.  16.5 17.  17.5 18.  18.5 19.  19.5 20.  20.5 21.
 21.5 22.  22.5 23.  23.5 24.  24.5 25.  25.5 26.  26.5 27.  27.5 28.
 28.5 29.  29.5 30. ]",1.0,"[0.0329102  0.02163676 0.0138007  0.01074306 0.00759149 0.00655668
 0.00610442 0.00515696 0.00465431 0.00387517 0.00384406 0.0034655
 0.00311537 0.00304097 0.0029258  0.00258051 0.00260091 0.00231037
 0.00225729 0.00205637 0.00203098 0.00188578 0.0017321  0.0015789
 0.00169122 0.00161443 0.0015332  0.00145188 0.00127878 0.00134724
 0.00132342 0.00133916 0.00127596 0.00114198 0.00117312 0.00114951
 0.00107898 0.0010882  0.00102429 0.00102425 0.00100046 0.00101739
 0.00091337 0.00088137 0.0009662  0.00086418 0.00092234 0.00098497
 0.00091236 0.00082273 0.00075546 0.00068703 0.00074634 0.0006546
 0.00073607 0.0007239  0.00073222 0.00070428 0.00067871 0.00030206]","[0.00511043 0.01103745 0.01794796 0.02511842 0.0215677  0.03084515
 0.04346662 0.05422041 0.07785439 0.05905172 0.04423061 0.03593753
 0.03102609 0.04032022 0.03116502 0.03256537 0.03461801 0.03117604
 0.02546134 0.01977084 0.02862128 0.02953457 0.02227316 0.02483962
 0.02765787 0.02396427 0.02688582 0.02995733 0.02981299 0.03071341
 0.02783543 0.02911799 0.02865774 0.02755868 0.01973653 0.02139412
 0.02223861 0.01860572 0.02228323 0.0280631  0.02579825 0.0194962
 0.02094487 0.02353023 0.02078654 0.02081755 0.02652961 0.02987585
 0.02575005 0.02568078 0.02333048 0.02316018 0.02075987 0.02260884
 0.02128738 0.01988739 0.02066741 0.02561737 0.02276945 0.01016954]","[0.00849308 0.01477023 0.02005398 0.02647859 0.03193135 0.0391593
 0.05064915 0.05940284 0.06253774 0.05759903 0.05959925 0.05513417
 0.04512019 0.03926408 0.035787   0.03559106 0.0325299  0.03408441
 0.03340883 0.02981054 0.03055532 0.03071418 0.02653765 0.02532214
 0.025623   0.02516459 0.02734279 0.02771553 0.03208305 0.03117839
 0.02672209 0.02692046 0.02886277 0.02546389 0.02635932 0.02698001
 0.02841472 0.02751849 0.02288515 0.0215356  0.02305648 0.02379688
 0.0238035  0.02894655 0.03292984 0.02974001 0.02602385 0.02154145
 0.0180226  0.01864386 0.02336152 0.0247496  0.02427435 0.02205236
 0.01946254 0.02006804 0.02198578 0.01977742 0.02588673 0.01546328]","[ 0.15955464  0.49061993  1.18497567  2.18895706  3.65413232  4.77064933
  6.62891391 11.95940578 15.48317328 17.55059716 11.70924332 11.58120292
 10.21814753 14.03027682 10.16308072 14.00117213 12.80406142 13.88141255
 12.10294476 10.45747653 15.14460605 16.58436948 13.38819699 16.61745686
 15.7855396  14.34427725 16.73853128 20.09765211 28.37472902 20.38999347
 18.66355123 19.17839095 20.44625808 26.81998667 17.20934074 18.71027859
 20.67585562 15.70929097 24.46571012 32.43891067 29.29210649 19.27090807
 25.74199192 28.75058517 20.15736882 29.29460768 31.21631411 27.91690757
 24.5550774  29.92730657 33.95179144 38.21836281 29.76639516 41.29707587
 29.06526731 24.68799772 26.90607648 35.91248475 35.88297621 41.3193787 ]","[ 0.25641164  0.73209792  1.55352754  2.53746129  3.72387501  5.88111895
  8.41349726 10.77777049 14.46302786 14.2441079  15.45840821 15.16414233
 14.23310819 12.82343851 13.35989965 13.46863494 12.91391247 14.7996236
 14.509951   13.98104172 14.61728116 16.14990167 15.45070082 16.05146358
 15.36883247 16.43932902 18.56042123 19.52931611 23.42157846 25.26289881
 22.88330116 23.03801544 24.0902701  21.21532593 23.20465062 23.69188057
 27.57890793 26.97653553 21.6449451  19.59174564 22.09278552 23.83225891
 25.80096918 32.59409715 35.91650675 32.86116507 27.78666857 23.31305798
 22.3437118  31.32461946 34.9742695  35.09278839 31.45446899 31.92583116
 27.43853837 31.56943169 30.95385188 28.90072136 37.25288721 47.0838066 ]"
OFF transient alpha,040325Bc8,VN,"[ 0.5  1.   1.5  2.   2.5  3.   3.5  4.   4.5  5.   5.5  6.   6.5  7.
  7.5  8.   8.5  9.   9.5 10.  10.5 11.  11.5 12.  12.5 13.  13.5 14.
 14.5 15.  15.5 16.  16.5 17.  17.5 18.  18.5 19.  19.5 20.  20.5 21.
 21.5 22.  22.5 23.  23.5 24.  24.5 25.  25.5 26.  26.5 27.  27.5 28.
 28.5 29.  29.5 30. ]",0.0,"[0.00329501 0.00379885 0.00430808 0.0041481  0.00340865 0.0040455
 0.00443587 0.00400724 0.00437535 0.00411044 0.00446108 0.0041532
 0.00427558 0.00432319 0.00457856 0.00426598 0.0044882  0.00420628
 0.00432507 0.00414608 0.00422483 0.00427112 0.00411719 0.003999
 0.00454497 0.00426921 0.00433857 0.00427435 0.00386146 0.00441877
 0.00440245 0.00466324 0.00451674 0.00395712 0.00419148 0.00424715
 0.00424354 0.00420615 0.00387208 0.00388475 0.00404453 0.00448845
 0.00403608 0.00401786 0.00461975 0.00402385 0.00433318 0.0048239
 0.00477155 0.00443504 0.00405839 0.00390016 0.00419994 0.00377995
 0.00439733 0.0045134  0.00452477 0.00416262 0.00405623 0.00193259]","[0.01385695 0.02276807 0.06478017 0.09948111 0.1310953  0.18392731
 0.31087569 0.28806369 0.39096521 0.36447322 0.2996543  0.21929523
 0.22602105 0.26264636 0.19974016 0.16341524 0.15267461 0.20807514
 0.14752064 0.10422474 0.15221448 0.10343612 0.07530552 0.11111082
 0.15492531 0.09427004 0.09867081 0.15408275 0.06005769 0.0687657
 0.07049012 0.04851149 0.04658722 0.07044036 0.04056954 0.03564599
 0.03906328 0.04418942 0.0591113  0.05601772 0.03596528 0.02502072
 0.04018017 0.0571805  0.03461544 0.03379603 0.02407409 0.02377835
 0.0273469  0.02161663 0.02489459 0.0230082  0.0279535  0.02402085
 0.02373586 0.02095645 0.01554983 0.01468677 0.01725029 0.0102629 ]","[0.02251724 0.0440316  0.07532062 0.11140343 0.16410263 0.19606515
 0.25767621 0.28414164 0.32111098 0.33020329 0.31109219 0.2974833
 0.29255892 0.24740455 0.23899517 0.23187607 0.18242603 0.16123203
 0.14530501 0.13383421 0.12050469 0.11314347 0.1110531  0.1065538
 0.10800447 0.10248835 0.090761   0.09091865 0.07892044 0.07065666
 0.06622605 0.06346767 0.06066575 0.05099524 0.04939824 0.04998297
 0.04429267 0.04085764 0.03805669 0.04092609 0.03613443 0.03212817
 0.03604734 0.03379097 0.02890493 0.0235368  0.02566783 0.02700725
 0.02257888 0.02392564 0.02255796 0.02203993 0.02292933 0.0207165
 0.01770144 0.02091141 0.02115744 0.01941188 0.02094373 0.01141943]","[  4.28558091   5.37403553  13.88109456  21.23734895  43.10478701
  44.76522941  65.79831818  74.74361404  82.5872913  103.82934957
  68.39506601  55.22278229  53.95410928  61.51570238  41.51487117
  41.31091207  31.47439371  48.76928544  35.1870584   25.95232117
  36.1048511   24.87776321  18.74941931  29.19948823  33.55908463
  20.74759562  21.70235459  35.27324742  18.57452272  14.63193214
  14.48065551   9.39637396   9.68554541  19.51894731   9.63415655
   8.26079198   9.26024684   9.34714154  15.86735349  15.4719036
   9.37973879   5.64432649  10.93351042  15.30941435   7.10489693
   9.38248315   5.58787835   4.43820653   5.17457325   4.91050114
   6.77653682   6.97920223   6.96541542   7.72004578   5.61304513
   4.44652732   3.37156058   3.42333627   4.39606491   6.53344481]","[ 6.82849843 13.2229518  18.52965635 29.88876392 45.82443491 49.5017809
 61.18885859 68.31909899 78.87216973 73.89762084 68.34314153 69.90902055
 69.39379183 56.70180932 54.91751477 52.29837468 44.21905666 39.55502109
 33.10943541 31.40850216 28.52496355 26.48604864 26.52810926 27.31324555
 24.98052819 25.52409405 21.89224752 22.00341855 19.14814945 16.76731045
 16.42783857 15.05713698 14.0486776  12.23186505 11.97704895 12.09142139
 10.52408007 11.2239401   9.75841635 10.41170207  8.80643157  7.09024679
  8.48270253  8.26445558  6.60448712  5.67058641  5.96469783  6.16656689
  5.10860499  5.41984217  5.3709894   5.08259318  5.40658662  4.99011511
  3.90214229  4.84157243  4.73921331  4.94468019  5.11731782  5.17415861]"
OFF transient alpha,040325Bc8,VN,"[ 0.5  1.   1.5  2.   2.5  3.   3.5  4.   4.5  5.   5.5  6.   6.5  7.
  7.5  8.   8.5  9.   9.5 10.  10.5 11.  11.5 12.  12.5 13.  13.5 14.
 14.5 15.  15.5 16.  16.5 17.  17.5 18.  18.5 19.  19.5 20.  20.5 21.
 21.5 22.  22.5 23.  23.5 24.  24.5 25.  25.5 26.  26.5 27.  27.5 28.
 28.5 29.  29.5 30. ]",0.5,"[0.01324932 0.01274866 0.01050948 0.00892801 0.00728045 0.00696838
 0.00660691 0.00574368 0.00578399 0.00508056 0.00530909 0.00495462
 0.00439598 0.00464583 0.00496249 0.00435495 0.00468405 0.00410227
 0.00386403 0.0037059  0.00359185 0.0036278  0.00363578 0.00342756
 0.00349612 0.00355035 0.00342666 0.00336116 0.00298923 0.00342405
 0.00341882 0.0033196  0.00323765 0.00286526 0.00295163 0.00283042
 0.00284544 0.00290562 0.00256166 0.00252676 0.002619   0.00273512
 0.00261556 0.00241992 0.00267415 0.00234258 0.00246617 0.00273728
 0.00259049 0.00240277 0.00219949 0.00215106 0.00229188 0.00213048
 0.00226267 0.00236475 0.00247796 0.00232613 0.00225182 0.00096571]","[0.01999263 0.039119   0.12909762 0.18541748 0.16626552 0.18566062
 0.32558075 0.28702167 0.37205185 0.36129252 0.30155807 0.18665314
 0.19420421 0.25595271 0.17408226 0.17118063 0.18534358 0.21430844
 0.13991277 0.10190636 0.13179574 0.09594295 0.07195821 0.08960427
 0.12724605 0.11461576 0.1237416  0.1550104  0.05845094 0.04174625
 0.05347333 0.05955001 0.05887253 0.07510656 0.05033478 0.02914478
 0.04542328 0.0415201  0.05071628 0.04452627 0.03906139 0.02754596
 0.04743582 0.06122539 0.0267768  0.01595279 0.01481048 0.02133979
 0.02000782 0.02765106 0.02709528 0.02307177 0.02467399 0.01782815
 0.02001839 0.02191964 0.02145779 0.0192863  0.01185609 0.00480534]","[0.02491566 0.07097686 0.10323061 0.13029732 0.19414038 0.25010031
 0.28772676 0.29933715 0.31031958 0.33726006 0.30698509 0.29581171
 0.22212072 0.2264783  0.23835923 0.22098036 0.19518048 0.17938693
 0.14674446 0.12484632 0.11409085 0.13078176 0.1129944  0.11774625
 0.10540338 0.09499474 0.08001764 0.06588215 0.07134152 0.09156915
 0.07715309 0.06104185 0.06425818 0.05780194 0.06159249 0.06282539
 0.03977776 0.03207672 0.03788672 0.04323611 0.03773345 0.03456246
 0.03188674 0.03109831 0.03102484 0.02666359 0.02892667 0.02755767
 0.02347565 0.02184563 0.02221557 0.02050287 0.01689206 0.01753414
 0.02136272 0.01548836 0.01589804 0.01941863 0.02068954 0.00803734]","[ 1.54860223  3.12680288 11.79278932 19.39833783 29.97975746 27.76961113
 44.98957719 52.21758648 58.52495233 80.85368823 56.83125239 40.58066752
 41.33327392 55.85823437 34.63746658 43.11565744 39.18030578 52.83844854
 36.05486801 28.2248296  35.46295799 26.72210052 21.27856586 28.70144544
 34.29621084 31.69480846 35.00960814 46.53541303 24.0768631  12.05471053
 15.15027881 16.20694373 17.50508725 30.08314192 17.49223966 10.07001319
 16.43292951 13.40327516 21.1325176  19.42080641 16.11954693  9.96385338
 21.15135288 27.07040838  9.14216     7.43001299  5.87468413  6.84608077
  6.54293949 10.98013216 13.12822834 12.55323266 11.15328089 10.43371948
  8.69724171  8.64950945  8.69581805  8.49395654  5.76798909  5.82993605]","[ 1.87597121  5.62107192  9.9185103  15.53373828 23.49233412 35.24754468
 45.73643018 51.04030205 55.96965233 62.11529072 57.83397973 56.4267217
 51.9351554  49.49367726 48.27263747 48.43247735 42.03892581 42.65799613
 37.6945195  33.87319707 35.03385248 36.32549591 30.90395498 33.9222196
 32.07448632 27.56212543 24.69892604 19.48210109 21.59560892 27.79108143
 23.25508003 19.71567067 20.32946521 18.8939726  21.102699   22.72991453
 13.89474914 11.7042718  14.51965182 16.71311465 14.22613328 12.68553765
 11.56069996 12.47519221 12.55922012 11.03783304 11.81039496 10.95100323
 10.42102283  9.63799231 10.35743982  8.88844071  7.26138341  7.4385914
  9.45360037  6.81430971  6.61083597  8.49345848  8.92847586  7.68479466]"
OFF transient alpha,040325Bc8,VN,"[ 0.5  1.   1.5  2.   2.5  3.   3.5  4.   4.5  5.   5.5  6.   6.5  7.
  7.5  8.   8.5  9.   9.5 10.  10.5 11.  11.5 12.  12.5 13.  13.5 14.
 14.5 15.  15.5 16.  16.5 17.  17.5 18.  18.5 19.  19.5 20.  20.5 21.
 21.5 22.  22.5 23.  23.5 24.  24.5 25.  25.5 26.  26.5 27.  27.5 28.
 28.5 29.  29.5 30. ]",1.0,"[0.0329102  0.02163676 0.0138007  0.01074306 0.00759149 0.00655668
 0.00610442 0.00515696 0.00465431 0.00387517 0.00384406 0.0034655
 0.00311537 0.00304097 0.0029258  0.00258051 0.00260091 0.00231037
 0.00225729 0.00205637 0.00203098 0.00188578 0.0017321  0.0015789
 0.00169122 0.00161443 0.0015332  0.00145188 0.00127878 0.00134724
 0.00132342 0.00133916 0.00127596 0.00114198 0.00117312 0.00114951
 0.00107898 0.0010882  0.00102429 0.00102425 0.00100046 0.00101739
 0.00091337 0.00088137 0.0009662  0.00086418 0.00092234 0.00098497
 0.00091236 0.00082273 0.00075546 0.00068703 0.00074634 0.0006546
 0.00073607 0.0007239  0.00073222 0.00070428 0.00067871 0.00030206]","[0.03332033 0.05780682 0.17908687 0.2376008  0.19784631 0.19353268
 0.31568302 0.27716047 0.33282247 0.3356722  0.25912549 0.13062272
 0.15275574 0.21654627 0.13793091 0.13743776 0.15488572 0.1828042
 0.11825806 0.09070671 0.13493147 0.101972   0.0820312  0.09448766
 0.10364455 0.08232181 0.10048767 0.11944384 0.04942769 0.03719086
 0.06517604 0.05925238 0.04040966 0.04830411 0.03387572 0.0226305
 0.0369427  0.03830184 0.03094529 0.03498372 0.03618613 0.02539836
 0.02785659 0.03823736 0.02525607 0.01854961 0.02005561 0.01891382
 0.0213428  0.02427404 0.02563327 0.01762603 0.01699493 0.01383249
 0.01382144 0.0154798  0.01636529 0.01455842 0.01408997 0.00680451]","[0.04442289 0.11140234 0.16387002 0.18945567 0.22312782 0.25122038
 0.29845767 0.30816375 0.29640821 0.27397982 0.27889377 0.27119641
 0.23099617 0.21529938 0.17434353 0.1753782  0.15864834 0.15454095
 0.14049097 0.12678089 0.11629883 0.09650322 0.09398631 0.09070218
 0.08306461 0.09831131 0.07607328 0.05918318 0.04977783 0.05873956
 0.06276893 0.0614591  0.05812783 0.04714672 0.04138437 0.03966914
 0.03704595 0.03812379 0.03091036 0.03444838 0.03869117 0.03472783
 0.0247235  0.02727653 0.03031332 0.02756541 0.02985993 0.0234687
 0.01994285 0.02091302 0.01971333 0.01958082 0.0188548  0.01793212
 0.01670152 0.01812618 0.01826128 0.01850731 0.01759974 0.00820632]","[ 1.04030643  2.56954055 11.82382677 20.70584158 33.52033837 29.93263447
 48.14351301 61.13333911 66.18955858 99.76419273 68.59873086 42.09438982
 50.30865607 75.35188146 44.98001635 59.09005712 57.28711994 81.39522337
 56.2134937  47.97788113 71.39735907 57.25973261 49.30822495 63.21129307
 59.154414   49.27531262 62.56145741 80.1320068  47.04315559 24.69023518
 43.70028127 39.02622488 28.83083101 47.00935551 29.5380616  19.7915577
 34.34665355 32.33922776 33.97615707 40.43864515 41.08681754 25.1048658
 34.23673016 46.72059497 24.49160759 26.10315049 23.59861997 17.6736502
 20.35235068 28.28795552 37.30294944 29.08604078 24.36806351 25.26627476
 18.87146509 19.21646821 21.30530958 20.40916042 22.20475745 27.64709454]","[ 1.38739604  5.56599308 12.78071891 18.34268075 26.51433047 38.94738817
 51.44006668 56.57757758 67.48957156 65.88013281 73.28269662 74.87066338
 73.00835971 69.14240747 63.06288663 67.08628533 63.54330883 67.39086699
 60.55775924 59.40586773 55.84453437 49.83693948 54.29113054 57.22460601
 50.3891872  63.44506571 51.85995638 41.67365229 35.89018245 47.9467464
 55.10078607 50.59904692 48.66215143 39.21867596 35.70848769 34.15682198
 35.61687089 37.2001689  30.27496029 32.29743988 37.25133862 34.52995728
 25.94145596 30.11646127 32.73812185 29.59528407 31.29287597 24.96857751
 24.07523164 32.46035385 27.19630838 28.42431458 24.65815507 25.4011629
 22.64096931 27.66368845 25.39612814 26.33065251 24.82972484 25.41083693]"
OFF transient alpha,052325Bc2,DN,"[ 0.5  1.   1.5  2.   2.5  3.   3.5  4.   4.5  5.   5.5  6.   6.5  7.
  7.5  8.   8.5  9.   9.5 10.  10.5 11.  11.5 12.  12.5 13.  13.5 14.
 14.5 15.  15.5 16.  16.5 17.  17.5 18.  18.5 19.  19.5 20.  20.5 21.
 21.5 22.  22.5 23.  23.5 24.  24.5 25.  25.5 26.  26.5 27.  27.5 28.
 28.5 29.  29.5 30. ]",0.0,"[0.00330459 0.00389319 0.00432161 0.0041321  0.00352157 0.0040248
 0.00436362 0.00406204 0.00422316 0.00416864 0.0044652  0.00407649
 0.00424177 0.00438098 0.00468754 0.0042839  0.00458679 0.00429194
 0.00428347 0.00412158 0.00420571 0.00434838 0.00413813 0.00390846
 0.00448839 0.00426585 0.00433704 0.00437046 0.00386157 0.00436915
 0.00428504 0.00470174 0.00448376 0.00399493 0.00413705 0.00421388
 0.00416114 0.00410067 0.00386122 0.0038444  0.00403519 0.00446323
 0.00415705 0.00404872 0.00454154 0.0040457  0.00428958 0.00487422
 0.00471805 0.00441258 0.00407029 0.00389911 0.00427141 0.00386241
 0.00437479 0.00440995 0.00452479 0.00425621 0.00409755 0.00202655]","[0.00487873 0.00928429 0.02261516 0.02695781 0.02396775 0.02636915
 0.03253769 0.02264528 0.02277125 0.01895288 0.01911007 0.01193852
 0.01274636 0.01276516 0.01252732 0.01208413 0.01156632 0.01215198
 0.0109883  0.00775273 0.00793169 0.00845939 0.00743426 0.00833798
 0.00755133 0.0064983  0.00684308 0.0068091  0.00582078 0.00515414
 0.00606858 0.00756453 0.00685009 0.00606041 0.0057431  0.00646526
 0.00665832 0.00569849 0.00631193 0.0058822  0.00575344 0.00514445
 0.00569103 0.00620958 0.00528331 0.00587995 0.00601218 0.00592852
 0.00627958 0.0052872  0.00590983 0.00630344 0.00575846 0.0065003
 0.00608427 0.0056487  0.00518499 0.00522111 0.00472147 0.00243896]","[0.00638848 0.01467049 0.02298161 0.02428864 0.03011537 0.02693763
 0.02625356 0.02385116 0.02080963 0.02149431 0.01763579 0.01672265
 0.01433421 0.01527812 0.01319181 0.01029542 0.0092313  0.00985376
 0.01011722 0.00916347 0.00819636 0.00676015 0.00684855 0.00630312
 0.00657003 0.00681447 0.00547834 0.00645731 0.00659456 0.00617073
 0.00501923 0.00574993 0.00531134 0.0050558  0.00552509 0.00560188
 0.00430432 0.00544447 0.00526029 0.00552469 0.00566124 0.00570737
 0.00617179 0.00626544 0.00548308 0.00556674 0.00496639 0.00538159
 0.00565025 0.00513059 0.00530802 0.00578545 0.00520014 0.00593217
 0.00600354 0.00481097 0.0052533  0.0057777  0.00575398 0.00299741]","[1.508859   2.19140748 4.84597775 5.75498565 7.88071431 6.41786681
 6.88675642 5.87574845 4.8101869  5.39920428 4.36180791 3.00635116
 3.04271878 2.98979098 2.60373222 3.05483492 2.38443674 2.8482182
 2.62096271 1.93045727 1.88137442 2.03459574 1.85096839 2.19118913
 1.63572896 1.43018963 1.5051154  1.55876743 1.80023924 1.09669635
 1.24665682 1.46520232 1.42414345 1.67933428 1.36382847 1.49829324
 1.5784041  1.20537063 1.69432166 1.62464445 1.5004953  1.16051707
 1.54859762 1.66254175 1.08441225 1.63239731 1.39549662 1.10655288
 1.18822039 1.20105661 1.60871127 1.9120563  1.434886   2.08912666
 1.43880418 1.19853735 1.12422601 1.21698898 1.20322019 1.55266405]","[1.95663076 4.3127233  5.65624858 6.56260084 8.21035796 7.07774281
 6.2793976  5.76617352 5.45786299 4.80048031 4.00023374 4.17949412
 3.37492912 3.45981984 2.88357428 2.28563835 2.14168318 2.28715035
 2.35403799 2.22013881 1.97283919 1.51646234 1.6282364  1.61350586
 1.56801739 1.7157527  1.29138829 1.50767139 1.61130324 1.52819959
 1.30058231 1.36009806 1.24976523 1.20547823 1.36833406 1.37611692
 1.03743826 1.63265179 1.37530723 1.44192031 1.38207973 1.29108019
 1.42629208 1.47511797 1.2582256  1.2958666  1.16005687 1.18975575
 1.30552585 1.16459799 1.25330519 1.39341247 1.16844135 1.3860063
 1.35844129 1.22632474 1.22739295 1.41547406 1.41481959 1.33122493]"
OFF transient alpha,052325Bc2,DN,"[ 0.5  1.   1.5  2.   2.5  3.   3.5  4.   4.5  5.   5.5  6.   6.5  7.
  7.5  8.   8.5  9.   9.5 10.  10.5 11.  11.5 12.  12.5 13.  13.5 14.
 14.5 15.  15.5 16.  16.5 17.  17.5 18.  18.5 19.  19.5 20.  20.5 21.
 21.5 22.  22.5 23.  23.5 24.  24.5 25.  25.5 26.  26.5 27.  27.5 28.
 28.5 29.  29.5 30. ]",0.5,"[0.01348491 0.01210892 0.00995362 0.00878464 0.00694122 0.00680817
 0.00685036 0.00568132 0.00593885 0.00525781 0.00528421 0.00505294
 0.00472273 0.00441669 0.00460174 0.00436427 0.0044453  0.00401089
 0.00385672 0.0037193  0.00355692 0.00361605 0.00349702 0.00334287
 0.0035431  0.00352107 0.00329023 0.00319885 0.0030198  0.00332732
 0.00337722 0.00326236 0.00323167 0.00289953 0.00294289 0.00283805
 0.00286875 0.00280024 0.00257298 0.00256279 0.00261694 0.00287553
 0.0025704  0.00245756 0.00267333 0.00232897 0.00247254 0.00262527
 0.00247843 0.00234815 0.00224695 0.0022245  0.00235018 0.00213918
 0.00232278 0.00239475 0.00246703 0.00223824 0.00217387 0.00098383]","[0.00618582 0.01362069 0.03510706 0.0374074  0.03067019 0.03617116
 0.04258833 0.03384642 0.02786706 0.02820963 0.02185429 0.01592904
 0.01667438 0.01534542 0.01073876 0.01396152 0.01447393 0.0134749
 0.01136817 0.00890871 0.00821085 0.00782559 0.00653895 0.00640916
 0.00719123 0.00595665 0.00591469 0.0060522  0.00483403 0.00600262
 0.0058798  0.00450475 0.00479562 0.00424789 0.00528436 0.00569728
 0.00516832 0.00543446 0.00650058 0.00640166 0.00607892 0.00686341
 0.00650475 0.00698759 0.00670125 0.00678633 0.00606961 0.00688675
 0.00676916 0.00506885 0.0061813  0.00646812 0.00612031 0.00544556
 0.00563885 0.00527333 0.00555695 0.00479423 0.00548497 0.00369637]","[0.01310215 0.02487235 0.03501083 0.03908063 0.03726381 0.03493953
 0.0325465  0.0338386  0.02658705 0.02773934 0.02141641 0.01674039
 0.01693436 0.01759791 0.01767584 0.0142358  0.01350692 0.01229302
 0.01021702 0.00795004 0.00801594 0.00798478 0.0067008  0.00781151
 0.00737257 0.00684773 0.00580781 0.00499867 0.00561453 0.00541179
 0.00543809 0.00513243 0.0056694  0.00579799 0.00556322 0.00506527
 0.00543352 0.00570885 0.0053522  0.00546683 0.00660045 0.00565754
 0.00525487 0.0054682  0.00544897 0.00541262 0.00528062 0.00538616
 0.0054057  0.00504778 0.00556295 0.005553   0.00510989 0.00499459
 0.00659399 0.00650439 0.00478052 0.0056127  0.00579986 0.00280713]","[0.47914552 1.08870941 3.20695449 3.91355426 5.53021923 5.41018825
 5.88496339 6.15764718 4.38357737 6.31303665 4.11863191 3.46316789
 3.54887585 3.34893048 2.13670978 3.51651959 3.05968523 3.32227995
 2.92952565 2.46742969 2.20933612 2.17959028 1.93361638 2.05294067
 1.9382286  1.64719718 1.67341503 1.81692187 1.99121302 1.73332529
 1.66588817 1.22599802 1.42592295 1.7014479  1.83640822 1.96850766
 1.86976027 1.75432196 2.70866924 2.79218212 2.5086014  2.48261539
 2.90043144 3.08951589 2.28794798 3.16073037 2.40755409 2.20935681
 2.21364371 2.01281963 2.99497029 3.51927314 2.76653803 3.18695316
 2.44987012 2.0808591  2.2519667  2.11144678 2.66843878 4.48451354]","[0.97355932 2.12446035 3.6984255  4.69991905 5.00688642 5.1483241
 4.88819489 5.94710501 4.67486451 5.02554538 4.18321688 3.28528018
 3.58334284 4.1736073  3.93250669 3.23149401 3.12956558 3.14852564
 2.71617813 2.15464011 2.39028043 2.30426634 1.91642252 2.31924192
 2.2206651  1.96255167 1.81034658 1.60476648 1.72430844 1.6677684
 1.6495426  1.73475181 1.80733871 1.92451042 1.90444767 1.84385344
 1.85988817 2.14249047 2.06442759 2.00287219 2.47674266 1.91773635
 1.96771485 2.18180515 2.17084294 2.26412497 2.14620756 2.25249826
 2.50777088 2.20495331 2.40392953 2.38819386 2.13871554 2.14380299
 2.83208127 2.77165362 1.93792986 2.68007524 2.65104904 2.82168221]"
OFF transient alpha,052325Bc2,DN,"[ 0.5  1.   1.5  2.   2.5  3.   3.5  4.   4.5  5.   5.5  6.   6.5  7.
  7.5  8.   8.5  9.   9.5 10.  10.5 11.  11.5 12.  12.5 13.  13.5 14.
 14.5 15.  15.5 16.  16.5 17.  17.5 18.  18.5 19.  19.5 20.  20.5 21.
 21.5 22.  22.5 23.  23.5 24.  24.5 25.  25.5 26.  26.5 27.  27.5 28.
 28.5 29.  29.5 30. ]",1.0,"[0.03318588 0.02363733 0.01464928 0.01067946 0.00819966 0.00691236
 0.00616862 0.00485403 0.00444269 0.0037079  0.00365896 0.00328752
 0.00295257 0.00301141 0.00301586 0.00262395 0.0026495  0.00226333
 0.00222287 0.00192385 0.00184574 0.00185999 0.00174637 0.00165202
 0.00173238 0.00159591 0.00147103 0.00143035 0.00133247 0.0014505
 0.0013888  0.0013731  0.00128561 0.00115341 0.00119996 0.00116416
 0.00109903 0.00110415 0.00098325 0.00098471 0.000967   0.00096611
 0.00089953 0.00087022 0.00097588 0.0008889  0.00087159 0.00098298
 0.00089398 0.00077526 0.0007282  0.00071417 0.00076449 0.00070607
 0.00073115 0.00072048 0.00075771 0.0007358  0.00070593 0.00030674]","[0.00818809 0.01388822 0.03062488 0.031795   0.03282306 0.03428466
 0.03814769 0.03236321 0.02647045 0.02623161 0.03214958 0.02020047
 0.01321178 0.00997457 0.01387924 0.01379837 0.00856646 0.01544466
 0.01575254 0.00827014 0.0072857  0.0091247  0.00937532 0.00928306
 0.00641534 0.00689755 0.00746109 0.00615617 0.00622266 0.00629739
 0.00611832 0.00626581 0.00616516 0.00564406 0.00565633 0.00687002
 0.00610088 0.00651226 0.00585855 0.00600183 0.00453345 0.00455958
 0.00508406 0.00612569 0.00651958 0.00698238 0.00654461 0.00610957
 0.00496679 0.00553833 0.00608138 0.00550056 0.00523786 0.00459861
 0.00489615 0.00626615 0.00710935 0.00623479 0.00462459 0.00203424]","[0.01730134 0.03126251 0.03822672 0.04085636 0.03620235 0.03845613
 0.03577733 0.02776058 0.0271511  0.02106482 0.01549891 0.01856683
 0.01735735 0.01529792 0.01445767 0.01189003 0.00816155 0.00977367
 0.008918   0.0071739  0.00784321 0.00668993 0.00654291 0.0055877
 0.0044744  0.00605187 0.00684495 0.00570532 0.00453168 0.00478827
 0.00536391 0.00598359 0.00518444 0.00505958 0.00515801 0.00439464
 0.0050069  0.00492902 0.00522338 0.00558114 0.00529349 0.00543222
 0.00618167 0.00620779 0.00480901 0.00488312 0.00584662 0.00490591
 0.00417147 0.00552545 0.00660855 0.00605384 0.00624286 0.00609952
 0.00583076 0.00599102 0.00545989 0.0052701  0.005345   0.00272876]","[0.25564347 0.61733801 2.02194243 2.77079096 5.56108489 5.3026192
 5.817746   7.13835924 5.26427081 7.79622285 8.5110124  6.50978892
 4.35117517 3.4708629  4.52609584 5.93247685 3.16845252 6.87687561
 7.48790871 4.37435895 3.85514062 5.12374099 5.6354231  6.21027561
 3.66151125 4.12866141 4.64511461 4.13002777 5.92245844 4.1807052
 4.10231295 4.12693641 4.39861878 5.49277384 4.93205892 6.00819004
 5.67215916 5.49846939 6.43235606 6.93767675 5.14742011 4.50689036
 6.24849556 7.48471649 6.32224661 9.82565129 7.70077006 5.70896725
 4.73629539 6.45414071 8.84995776 9.0768852  7.51027387 8.39976791
 6.68508071 7.77873217 9.25537782 8.74042208 7.28802003 8.26523885]","[0.53414297 1.31987826 2.64139427 4.02845931 3.9417888  5.38040024
 6.57806528 5.61295761 6.5066047  5.62643844 4.63297653 5.63361939
 6.22428797 4.96882919 4.90203125 4.33875828 3.10401935 4.51136124
 4.03123477 3.87571632 4.65601498 3.67093095 3.67807354 3.24844402
 2.66636261 4.02054942 5.09391737 4.14254147 3.11535742 3.40559493
 4.05473405 4.49897143 4.27700411 4.15218922 4.29767672 3.81112166
 4.40372162 4.6488479  5.31885059 5.38491136 5.35276745 5.8121729
 6.76863326 7.23164395 5.29094857 5.1228452  6.80433115 5.20620109
 5.07418891 7.55601806 8.81745153 7.96203777 8.16040508 7.75992222
 7.97260452 9.01165384 7.48933905 6.95756115 7.26695219 8.58761739]"
OFF transient alpha,052325Bc2,DN,"[ 0.5  1.   1.5  2.   2.5  3.   3.5  4.   4.5  5.   5.5  6.   6.5  7.
  7.5  8.   8.5  9.   9.5 10.  10.5 11.  11.5 12.  12.5 13.  13.5 14.
 14.5 15.  15.5 16.  16.5 17.  17.5 18.  18.5 19.  19.5 20.  20.5 21.
 21.5 22.  22.5 23.  23.5 24.  24.5 25.  25.5 26.  26.5 27.  27.5 28.
 28.5 29.  29.5 30. ]",1.5,"[4.16431668e-02 1.95444748e-02 9.17967676e-03 6.07509157e-03
 3.89186201e-03 3.10233097e-03 2.72591411e-03 2.08502709e-03
 1.74542051e-03 1.40909445e-03 1.28817287e-03 1.13192103e-03
 9.97087514e-04 9.19132125e-04 8.58854812e-04 7.15323151e-04
 7.13802475e-04 6.18518194e-04 5.66889826e-04 5.05216165e-04
 4.92245017e-04 4.58228086e-04 3.95344364e-04 3.60636552e-04
 3.82489858e-04 3.63902033e-04 3.30681503e-04 3.08276267e-04
 2.72475448e-04 2.96111407e-04 2.68950516e-04 2.70737178e-04
 2.46883709e-04 2.13051012e-04 2.22441996e-04 2.16442497e-04
 1.99430910e-04 1.99992299e-04 1.89654018e-04 1.82986295e-04
 1.72520550e-04 1.77415106e-04 1.58285160e-04 1.52043282e-04
 1.65319210e-04 1.40957301e-04 1.53158535e-04 1.54487369e-04
 1.44796230e-04 1.27777545e-04 1.19707603e-04 1.09445682e-04
 1.23138758e-04 1.02429214e-04 1.10198065e-04 1.06852097e-04
 1.06856566e-04 1.04900545e-04 9.65814603e-05 4.46251771e-05]","[0.01601998 0.01531492 0.02248311 0.02180613 0.02693423 0.02713672
 0.02644407 0.0270401  0.0155939  0.02099623 0.0316963  0.02176612
 0.01280405 0.01026096 0.01049902 0.01081676 0.01019781 0.00742646
 0.00769385 0.00944588 0.00690781 0.00831954 0.00843832 0.00587561
 0.00534644 0.00645125 0.00673105 0.00526711 0.00674814 0.00733318
 0.00694226 0.00663778 0.00672547 0.00621143 0.0071294  0.00795566
 0.0085667  0.00758012 0.00564696 0.00497553 0.00491113 0.00592966
 0.00706382 0.00667016 0.00743329 0.00665297 0.00659693 0.00619615
 0.00595517 0.00693747 0.00821484 0.00739987 0.0050047  0.00753484
 0.00701039 0.00638468 0.00713566 0.00805036 0.00758449 0.00268779]","[0.01868652 0.03205065 0.04036147 0.04636021 0.03964605 0.03140343
 0.02568077 0.02818357 0.02716708 0.02440318 0.01994505 0.0162776
 0.01136087 0.01192589 0.01130474 0.01016176 0.00922364 0.00879155
 0.00773251 0.00736988 0.00730721 0.00792503 0.00729223 0.00736728
 0.00732415 0.00650686 0.00620011 0.00614714 0.00557551 0.00661803
 0.00583048 0.00520691 0.00448564 0.00505361 0.00465397 0.00533937
 0.00590838 0.0053031  0.00582592 0.00623441 0.00591323 0.00462939
 0.00490793 0.00512419 0.00657803 0.0053359  0.00546677 0.00601701
 0.00500282 0.00497701 0.00477126 0.00608544 0.00531098 0.00544042
 0.00706263 0.00706519 0.00741543 0.00667877 0.00700258 0.00342748]","[ 0.38941462  0.75183096  2.21884636  3.27734317  8.78443036  9.15112329
  9.36759089 14.80011883  8.22541116 17.4760139  24.63481448 21.24571379
 13.34431872 11.83609938 11.71357075 16.37034049 13.75850724 12.43394963
 14.1640773  19.67669106 14.72640412 19.41390852 21.59441136 17.04586788
 13.52072231 17.42455852 19.36473443 16.53945011 30.68656753 23.90695686
 23.11332346 21.96914486 24.58983921 31.55887546 32.86854017 36.96946724
 42.84610812 34.89261917 34.09829317 32.05404812 31.45163823 33.76914822
 50.36768422 48.08814064 42.84827721 55.1873631  46.68207559 35.76129329
 35.68262369 51.49558017 75.53257893 77.45098427 45.40622523 89.62637659
 63.44453065 52.69537252 62.44511701 76.93711527 82.22297802 75.34871958]","[ 0.46918487  1.84669944  4.86275335  8.15782888  9.34691141 10.15215425
  9.68793881 12.89434855 16.38958024 16.44093666 15.59912109 13.75216766
 11.38308555 12.63611289 13.54377803 13.78039468 13.08218773 13.9248477
 13.68443116 14.5192119  14.6967963  16.62412589 18.5660853  20.2761883
 20.43994667 18.23242143 19.54655095 20.73444595 18.73521172 23.34578645
 24.23303686 21.20721026 20.07882316 22.77707225 21.83692275 24.89938205
 29.5770537  28.50061133 29.10920688 31.40237663 33.1348917  26.35826357
 29.07887811 32.31151255 42.3650894  35.47710034 34.83109582 42.61354916
 38.18876041 44.65815798 39.63160468 54.85257225 41.67016177 48.38079702
 64.88787421 75.90700965 74.1960058  65.77204004 72.23796103 72.31703989]"
OFF transient alpha,052325Bc2,DN,"[ 0.5  1.   1.5  2.   2.5  3.   3.5  4.   4.5  5.   5.5  6.   6.5  7.
  7.5  8.   8.5  9.   9.5 10.  10.5 11.  11.5 12.  12.5 13.  13.5 14.
 14.5 15.  15.5 16.  16.5 17.  17.5 18.  18.5 19.  19.5 20.  20.5 21.
 21.5 22.  22.5 23.  23.5 24.  24.5 25.  25.5 26.  26.5 27.  27.5 28.
 28.5 29.  29.5 30. ]",2.0,"[3.28031068e-02 1.18826897e-02 4.19564196e-03 2.19298188e-03
 1.21479513e-03 8.68463582e-04 6.77757113e-04 5.05354421e-04
 4.26067567e-04 3.07235316e-04 2.67838871e-04 2.24637383e-04
 1.79522660e-04 1.53603823e-04 1.45857920e-04 1.25432497e-04
 1.14834435e-04 9.22676439e-05 8.61967555e-05 8.08039265e-05
 7.20994736e-05 6.44467786e-05 6.08003181e-05 5.15069541e-05
 4.85946065e-05 4.40189097e-05 4.26306586e-05 3.83472087e-05
 3.28005664e-05 3.37075857e-05 3.46809601e-05 3.33736336e-05
 3.07097021e-05 2.46959964e-05 2.42000040e-05 2.53715630e-05
 2.25707960e-05 2.14341184e-05 1.93463062e-05 1.89375898e-05
 1.81885485e-05 1.81628211e-05 1.57165131e-05 1.55215113e-05
 1.64831244e-05 1.42831753e-05 1.46218935e-05 1.51342873e-05
 1.44367839e-05 1.34267560e-05 1.14984770e-05 1.04226442e-05
 1.00843748e-05 9.31844166e-06 1.04386792e-05 1.02275604e-05
 9.69949601e-06 9.33216968e-06 8.81066583e-06 3.88711089e-06]","[0.02008408 0.01772464 0.02603477 0.02192235 0.02197652 0.02081963
 0.02165976 0.01694964 0.00920871 0.01677199 0.02175644 0.01239671
 0.01246663 0.0116415  0.00862863 0.00748274 0.00855869 0.00779083
 0.0072044  0.00823084 0.00916571 0.00616809 0.00602677 0.00668455
 0.00562722 0.00776442 0.00775756 0.00703339 0.00859312 0.00824485
 0.00804566 0.00891201 0.00853988 0.00692472 0.00797388 0.00686109
 0.00649409 0.0053543  0.00543294 0.007815   0.00813002 0.00731652
 0.00655049 0.00603072 0.00625739 0.00662894 0.0066135  0.00845435
 0.00686092 0.00794291 0.0085882  0.00565544 0.00608274 0.00667697
 0.00984835 0.01017207 0.01011546 0.00735975 0.00478296 0.00248548]","[0.0312518  0.03435436 0.03119466 0.03053004 0.02401851 0.02656462
 0.02572622 0.02417268 0.01743122 0.01519849 0.01357637 0.01243141
 0.01009117 0.00955769 0.01002807 0.0091647  0.00952219 0.00907103
 0.00773014 0.00647966 0.00653145 0.00783331 0.00833973 0.00678148
 0.00620578 0.007787   0.00668985 0.00716695 0.00646382 0.00542072
 0.00629977 0.00671427 0.00693501 0.00597889 0.00584786 0.00608155
 0.00680874 0.00767266 0.00761664 0.00624072 0.00568052 0.00660514
 0.00631188 0.00646913 0.00691491 0.00749573 0.00834507 0.00870956
 0.00884171 0.00764138 0.00694924 0.00784308 0.00771026 0.00742836
 0.0062194  0.00690399 0.00736768 0.00733922 0.007552   0.00425659]","[5.77976575e-01 1.47755211e+00 6.30440930e+00 9.45960270e+00
 2.27265753e+01 2.52180688e+01 2.95355495e+01 3.81955948e+01
 2.13866165e+01 6.44015352e+01 8.22076539e+01 6.09010497e+01
 6.82856938e+01 7.37731459e+01 5.46281735e+01 6.61881718e+01
 6.98779739e+01 8.07981472e+01 8.46447168e+01 1.12166125e+02
 1.30608180e+02 9.84680799e+01 1.08162475e+02 1.39506421e+02
 1.04711334e+02 1.58165143e+02 1.71044283e+02 1.71705931e+02
 3.08051449e+02 2.16935356e+02 2.17800216e+02 2.42473145e+02
 2.64126150e+02 3.02636509e+02 3.20324602e+02 2.81094841e+02
 2.88778895e+02 2.23395293e+02 3.03521374e+02 4.73202999e+02
 4.89650031e+02 3.98910160e+02 4.49111251e+02 4.30678197e+02
 3.55718687e+02 5.34951080e+02 4.64528959e+02 4.98953715e+02
 4.28123245e+02 6.18899429e+02 8.29423983e+02 6.36775741e+02
 5.81730833e+02 8.59561705e+02 9.70863384e+02 9.25980701e+02
 9.77108310e+02 7.91133251e+02 5.81001636e+02 7.68390138e+02]","[9.94652996e-01 2.99341943e+00 7.72043473e+00 1.45432925e+01
 1.83629688e+01 3.08445365e+01 4.23639152e+01 4.57208979e+01
 4.12047287e+01 4.71783546e+01 5.13871780e+01 5.38078579e+01
 5.74168540e+01 6.44288023e+01 7.14812386e+01 7.04954694e+01
 8.85620311e+01 1.05194568e+02 9.26863513e+01 7.65358310e+01
 8.84751964e+01 1.21267416e+02 1.31935146e+02 1.28970175e+02
 1.39462382e+02 2.01225500e+02 1.73154479e+02 2.01520666e+02
 1.91890581e+02 1.75682251e+02 1.87554825e+02 2.12368985e+02
 2.33052799e+02 2.38769438e+02 2.45506021e+02 2.38569304e+02
 3.07334446e+02 4.00850388e+02 4.23950554e+02 3.11198266e+02
 3.04185480e+02 3.63734034e+02 3.84453660e+02 3.98348001e+02
 4.40456589e+02 4.87810484e+02 5.73989083e+02 6.09491930e+02
 6.39610030e+02 5.66808469e+02 5.82172445e+02 7.47981171e+02
 7.96789632e+02 7.41368402e+02 5.87330305e+02 7.22068347e+02
 8.36086286e+02 7.73862338e+02 8.34108653e+02 1.01607408e+03]"
